,image_info,image_confidence,image_margin,image_entropy,image_pred,image_label,dis2mean
0,/home/erfan/MLSP project/Datasets/CDDB_GAN_faces/val/real/00894.jpeg,0.933954656124115,0.8679092898964882,0.24328724760255277,1,0,tensor([3.2919])
1,/home/erfan/MLSP project/Datasets/CDDB_GAN_faces/val/real/00846.jpeg,0.9882178902626038,0.9764357730746269,0.06403884001609801,0,0,tensor([4.8753])
2,/home/erfan/MLSP project/Datasets/CDDB_GAN_faces/val/real/00989.jpeg,0.9984493255615234,0.9968986667227,0.011580800439581679,0,0,tensor([5.7130])
3,/home/erfan/MLSP project/Datasets/CDDB_GAN_faces/val/real/00886.jpeg,0.9997808337211609,0.9995616089436226,0.0020662015448438664,0,0,tensor([5.8899])
4,/home/erfan/MLSP project/Datasets/CDDB_GAN_faces/val/real/00973.jpeg,0.9465705156326294,0.8931410275399685,0.2084919471368611,1,0,tensor([3.8245])
5,/home/erfan/MLSP project/Datasets/CDDB_GAN_faces/val/real/00963.jpeg,0.9995736479759216,0.9991472627152689,0.003735082059868815,1,0,tensor([7.8698])
6,/home/erfan/MLSP project/Datasets/CDDB_GAN_faces/val/real/00873.jpeg,0.9003623127937317,0.8007246032357216,0.3242861899473211,1,0,tensor([3.9414])
7,/home/erfan/MLSP project/Datasets/CDDB_GAN_faces/val/real/00803.jpeg,0.7710057497024536,0.5420114696025848,0.5380582382398906,0,0,tensor([3.4337])
8,/home/erfan/MLSP project/Datasets/CDDB_GAN_faces/val/real/00917.jpeg,0.6440387964248657,0.28807759284973145,0.6510589586259696,1,0,tensor([3.5209])
9,/home/erfan/MLSP project/Datasets/CDDB_GAN_faces/val/real/00928.jpeg,0.9359695315361023,0.8719390630722046,0.23791640665184577,1,0,tensor([4.6417])
10,/home/erfan/MLSP project/Datasets/CDDB_GAN_faces/val/real/00845.jpeg,0.5354486703872681,0.07089734077453613,0.6906318544319625,1,0,tensor([4.2891])
11,/home/erfan/MLSP project/Datasets/CDDB_GAN_faces/val/real/00981.jpeg,0.8416526317596436,0.6833052486181259,0.4369192624214527,0,0,tensor([4.6498])
12,/home/erfan/MLSP project/Datasets/CDDB_GAN_faces/val/real/00952.jpeg,0.99869304895401,0.9973861029138789,0.009984299520810086,0,0,tensor([4.4931])
13,/home/erfan/MLSP project/Datasets/CDDB_GAN_faces/val/real/00822.jpeg,0.8277987837791443,0.6555975079536438,0.45935945533096284,0,0,tensor([2.0865])
14,/home/erfan/MLSP project/Datasets/CDDB_GAN_faces/val/real/00840.jpeg,0.999833345413208,0.9996667611121666,0.0016159256281447132,1,0,tensor([8.7478])
15,/home/erfan/MLSP project/Datasets/CDDB_GAN_faces/val/real/00898.jpeg,0.6747319102287292,0.3494638204574585,0.6307768080632337,0,0,tensor([4.8317])
16,/home/erfan/MLSP project/Datasets/CDDB_GAN_faces/val/real/00966.jpeg,0.7587732076644897,0.5175464302301407,0.5524898993806207,1,0,tensor([1.8466])
17,/home/erfan/MLSP project/Datasets/CDDB_GAN_faces/val/real/00955.jpeg,0.7971529364585876,0.5943059027194977,0.5043240328539185,0,0,tensor([3.0857])
18,/home/erfan/MLSP project/Datasets/CDDB_GAN_faces/val/real/00857.jpeg,0.6445081233978271,0.2890161871910095,0.6507801987382729,1,0,tensor([1.6262])
19,/home/erfan/MLSP project/Datasets/CDDB_GAN_faces/val/real/00933.jpeg,0.9849595427513123,0.9699191031977534,0.07805169455458646,0,0,tensor([4.3940])
20,/home/erfan/MLSP project/Datasets/CDDB_GAN_faces/val/real/00867.jpeg,0.996238112449646,0.9924762547016144,0.024756661556051367,1,0,tensor([5.7931])
21,/home/erfan/MLSP project/Datasets/CDDB_GAN_faces/val/real/00924.jpeg,0.552518904209137,0.10503777861595154,0.68762051527481,0,0,tensor([2.5027])
22,/home/erfan/MLSP project/Datasets/CDDB_GAN_faces/val/real/00975.jpeg,0.997201681137085,0.9944033741485327,0.019244921072731323,0,0,tensor([4.2901])
23,/home/erfan/MLSP project/Datasets/CDDB_GAN_faces/val/real/00825.jpeg,0.7259342074394226,0.4518683850765228,0.5872609746752139,0,0,tensor([1.2527])
24,/home/erfan/MLSP project/Datasets/CDDB_GAN_faces/val/real/00976.jpeg,0.8665552735328674,0.7331106066703796,0.3928828590170409,1,0,tensor([3.6549])
25,/home/erfan/MLSP project/Datasets/CDDB_GAN_faces/val/real/00908.jpeg,0.5743421316146851,0.14868426322937012,0.6820525843732813,1,0,tensor([1.5136])
26,/home/erfan/MLSP project/Datasets/CDDB_GAN_faces/val/real/00914.jpeg,0.5372396111488342,0.07447928190231323,0.690371047009134,0,0,tensor([1.9677])
27,/home/erfan/MLSP project/Datasets/CDDB_GAN_faces/val/real/00956.jpeg,0.778804361820221,0.5576087534427643,0.5284170653533635,1,0,tensor([3.3416])
28,/home/erfan/MLSP project/Datasets/CDDB_GAN_faces/val/real/00860.jpeg,0.9566023945808411,0.9132048152387142,0.17859546930209289,1,0,tensor([4.2750])
29,/home/erfan/MLSP project/Datasets/CDDB_GAN_faces/val/real/00829.jpeg,0.5345598459243774,0.06911972165107727,0.6907565159579436,1,0,tensor([1.6563])
30,/home/erfan/MLSP project/Datasets/CDDB_GAN_faces/val/real/00909.jpeg,0.7672548890113831,0.5345097780227661,0.5425720737455112,0,0,tensor([1.6648])
31,/home/erfan/MLSP project/Datasets/CDDB_GAN_faces/val/real/00957.jpeg,0.9903596639633179,0.9807193670421839,0.054342080686003574,0,0,tensor([4.5832])
32,/home/erfan/MLSP project/Datasets/CDDB_GAN_faces/val/real/00848.jpeg,0.9999986886978149,0.9999973229499801,1.975409842999263e-05,1,0,tensor([13.1849])
33,/home/erfan/MLSP project/Datasets/CDDB_GAN_faces/val/real/00970.jpeg,0.7306528091430664,0.4613055884838104,0.5826084690837712,1,0,tensor([5.4061])
34,/home/erfan/MLSP project/Datasets/CDDB_GAN_faces/val/real/00968.jpeg,0.7402151226997375,0.4804302752017975,0.5728317748977021,1,0,tensor([2.5349])
35,/home/erfan/MLSP project/Datasets/CDDB_GAN_faces/val/real/00993.jpeg,0.9930182695388794,0.9860365460626781,0.04161778453445008,0,0,tensor([4.2104])
36,/home/erfan/MLSP project/Datasets/CDDB_GAN_faces/val/real/00896.jpeg,0.9982068538665771,0.9964137064525858,0.013131012387491406,0,0,tensor([4.7760])
37,/home/erfan/MLSP project/Datasets/CDDB_GAN_faces/val/real/00921.jpeg,0.9098989963531494,0.8197980299592018,0.30277139399385944,0,0,tensor([3.0848])
38,/home/erfan/MLSP project/Datasets/CDDB_GAN_faces/val/real/00813.jpeg,0.9999998807907104,0.999999787006935,1.6368440297241008e-06,0,0,tensor([13.6486])
39,/home/erfan/MLSP project/Datasets/CDDB_GAN_faces/val/real/00897.jpeg,0.9327359199523926,0.8654718324542046,0.24650378756665672,0,0,tensor([4.0001])
40,/home/erfan/MLSP project/Datasets/CDDB_GAN_faces/val/real/00944.jpeg,0.665885329246521,0.3317706286907196,0.6370543799310617,1,0,tensor([2.3361])
41,/home/erfan/MLSP project/Datasets/CDDB_GAN_faces/val/real/00835.jpeg,0.9800523519515991,0.9601046908646822,0.09783533691814283,0,0,tensor([4.2390])
42,/home/erfan/MLSP project/Datasets/CDDB_GAN_faces/val/real/00877.jpeg,0.9939980506896973,0.9879960622638464,0.03668806035045523,0,0,tensor([5.0731])
43,/home/erfan/MLSP project/Datasets/CDDB_GAN_faces/val/real/00931.jpeg,0.999998927116394,0.9999978491443926,1.5884680843255244e-05,0,0,tensor([9.9386])
44,/home/erfan/MLSP project/Datasets/CDDB_GAN_faces/val/real/00826.jpeg,0.6474542021751404,0.29490843415260315,0.6490083581353644,0,0,tensor([1.5353])
45,/home/erfan/MLSP project/Datasets/CDDB_GAN_faces/val/real/00980.jpeg,0.9986302852630615,0.997260520933196,0.010399792157485363,0,0,tensor([5.1390])
46,/home/erfan/MLSP project/Datasets/CDDB_GAN_faces/val/real/00983.jpeg,0.9050613045692444,0.8101226910948753,0.31381753330094153,0,0,tensor([6.1963])
47,/home/erfan/MLSP project/Datasets/CDDB_GAN_faces/val/real/00849.jpeg,0.6558255553245544,0.3116511404514313,0.6437656092688088,0,0,tensor([2.6936])
48,/home/erfan/MLSP project/Datasets/CDDB_GAN_faces/val/real/00878.jpeg,0.7138809561729431,0.42776185274124146,0.5986400784063552,1,0,tensor([2.9506])
49,/home/erfan/MLSP project/Datasets/CDDB_GAN_faces/val/real/00884.jpeg,0.99250727891922,0.9850146020762622,0.04413246066782935,0,0,tensor([3.7862])
50,/home/erfan/MLSP project/Datasets/CDDB_GAN_faces/val/real/00828.jpeg,0.7221373915672302,0.44427481293678284,0.5909232766398128,0,0,tensor([3.6113])
51,/home/erfan/MLSP project/Datasets/CDDB_GAN_faces/val/real/00941.jpeg,0.9986905455589294,0.9973810771480203,0.010001023534212908,0,0,tensor([4.7602])
52,/home/erfan/MLSP project/Datasets/CDDB_GAN_faces/val/real/00967.jpeg,0.5008721351623535,0.001744300127029419,0.6931456684125881,1,0,tensor([2.1037])
53,/home/erfan/MLSP project/Datasets/CDDB_GAN_faces/val/real/00852.jpeg,0.9192143082618713,0.8384286463260651,0.2806840772580494,0,0,tensor([2.5802])
54,/home/erfan/MLSP project/Datasets/CDDB_GAN_faces/val/real/00863.jpeg,0.7592371702194214,0.5184742957353592,0.5519576513045398,0,0,tensor([4.0710])
55,/home/erfan/MLSP project/Datasets/CDDB_GAN_faces/val/real/00854.jpeg,0.9505367875099182,0.9010736010968685,0.1969316095539974,1,0,tensor([4.3982])
56,/home/erfan/MLSP project/Datasets/CDDB_GAN_faces/val/real/00938.jpeg,0.8914636373519897,0.7829272523522377,0.343444293690389,0,0,tensor([1.6917])
57,/home/erfan/MLSP project/Datasets/CDDB_GAN_faces/val/real/00911.jpeg,0.6199582815170288,0.23991650342941284,0.6640845441411554,0,0,tensor([1.6345])
58,/home/erfan/MLSP project/Datasets/CDDB_GAN_faces/val/real/00988.jpeg,0.7424998879432678,0.48499980568885803,0.5704258276147091,0,0,tensor([2.8109])
59,/home/erfan/MLSP project/Datasets/CDDB_GAN_faces/val/real/00836.jpeg,0.9361019730567932,0.8722039684653282,0.23756098327937109,0,0,tensor([3.4830])
60,/home/erfan/MLSP project/Datasets/CDDB_GAN_faces/val/real/00827.jpeg,0.6519545316696167,0.3039090633392334,0.646228304019991,1,0,tensor([1.3404])
61,/home/erfan/MLSP project/Datasets/CDDB_GAN_faces/val/real/00905.jpeg,0.997092604637146,0.9941851757466793,0.019883962899049874,0,0,tensor([5.1811])
62,/home/erfan/MLSP project/Datasets/CDDB_GAN_faces/val/real/00882.jpeg,0.8559103608131409,0.7118206918239594,0.4123184952153478,0,0,tensor([4.1063])
63,/home/erfan/MLSP project/Datasets/CDDB_GAN_faces/val/real/00880.jpeg,0.6046563386917114,0.20931267738342285,0.6710784551466337,0,0,tensor([2.0824])
64,/home/erfan/MLSP project/Datasets/CDDB_GAN_faces/val/real/00926.jpeg,0.999688982963562,0.9993779065844137,0.0028230572813727145,1,0,tensor([7.5771])
65,/home/erfan/MLSP project/Datasets/CDDB_GAN_faces/val/real/00995.jpeg,0.6687161326408386,0.33743226528167725,0.6350841263046696,0,0,tensor([1.2739])
66,/home/erfan/MLSP project/Datasets/CDDB_GAN_faces/val/real/00949.jpeg,0.6000211238861084,0.2000422477722168,0.6730031010808644,0,0,tensor([2.8901])
67,/home/erfan/MLSP project/Datasets/CDDB_GAN_faces/val/real/00812.jpeg,0.7832103967666626,0.56642085313797,0.5228145019204133,0,0,tensor([2.5283])
68,/home/erfan/MLSP project/Datasets/CDDB_GAN_faces/val/real/00929.jpeg,0.9906349778175354,0.9812699342146516,0.05306300958983402,0,0,tensor([3.7415])
69,/home/erfan/MLSP project/Datasets/CDDB_GAN_faces/val/real/00851.jpeg,0.9830034971237183,0.9660069886595011,0.08610771462905675,0,0,tensor([3.2012])
70,/home/erfan/MLSP project/Datasets/CDDB_GAN_faces/val/real/00805.jpeg,0.9999996423721313,0.9999992529160693,6.105420854426736e-06,1,0,tensor([14.4046])
71,/home/erfan/MLSP project/Datasets/CDDB_GAN_faces/val/real/00901.jpeg,0.9999421834945679,0.9998843670582573,0.0006220013484889693,0,0,tensor([7.0744])
72,/home/erfan/MLSP project/Datasets/CDDB_GAN_faces/val/real/00814.jpeg,0.8929726481437683,0.7859452590346336,0.34025485306540926,0,0,tensor([3.2705])
73,/home/erfan/MLSP project/Datasets/CDDB_GAN_faces/val/real/00816.jpeg,0.9440712332725525,0.8881424181163311,0.21561530874170834,0,0,tensor([4.0505])
74,/home/erfan/MLSP project/Datasets/CDDB_GAN_faces/val/real/00841.jpeg,0.9998987913131714,0.9997975860314909,0.0010321261405826056,1,0,tensor([9.0675])
75,/home/erfan/MLSP project/Datasets/CDDB_GAN_faces/val/real/00940.jpeg,0.9509760141372681,0.9019520506262779,0.19563129439670826,0,0,tensor([3.9545])
76,/home/erfan/MLSP project/Datasets/CDDB_GAN_faces/val/real/00987.jpeg,0.8490182161331177,0.6980364471673965,0.4244083046371058,1,0,tensor([2.3667])
77,/home/erfan/MLSP project/Datasets/CDDB_GAN_faces/val/real/00994.jpeg,0.9086548686027527,0.8173096925020218,0.305639031310867,1,0,tensor([2.6009])
78,/home/erfan/MLSP project/Datasets/CDDB_GAN_faces/val/real/00821.jpeg,0.7709506154060364,0.5419012010097504,0.5381251626017896,0,0,tensor([2.5210])
79,/home/erfan/MLSP project/Datasets/CDDB_GAN_faces/val/real/00833.jpeg,0.9397827386856079,0.8795654512941837,0.22756495388371892,0,0,tensor([3.7197])
80,/home/erfan/MLSP project/Datasets/CDDB_GAN_faces/val/real/00837.jpeg,0.578568696975708,0.15713739395141602,0.6807497831336405,0,0,tensor([2.4789])
81,/home/erfan/MLSP project/Datasets/CDDB_GAN_faces/val/real/00961.jpeg,0.7704659700393677,0.5409319400787354,0.5387126913763857,1,0,tensor([2.3438])
82,/home/erfan/MLSP project/Datasets/CDDB_GAN_faces/val/real/00962.jpeg,0.5627492666244507,0.12549853324890137,0.6852514367317082,1,0,tensor([3.5105])
83,/home/erfan/MLSP project/Datasets/CDDB_GAN_faces/val/real/00935.jpeg,0.7164812088012695,0.43296244740486145,0.5962460418272879,0,0,tensor([2.2307])
84,/home/erfan/MLSP project/Datasets/CDDB_GAN_faces/val/real/00820.jpeg,0.9942278861999512,0.9884558194316924,0.03550884028557898,0,0,tensor([3.7049])
85,/home/erfan/MLSP project/Datasets/CDDB_GAN_faces/val/real/00824.jpeg,0.9906670451164246,0.9813340855762362,0.052913415219951146,0,0,tensor([4.2441])
86,/home/erfan/MLSP project/Datasets/CDDB_GAN_faces/val/real/00942.jpeg,0.994907796382904,0.9898156272247434,0.03196613106769529,0,0,tensor([4.1972])
87,/home/erfan/MLSP project/Datasets/CDDB_GAN_faces/val/real/00839.jpeg,0.6594173908233643,0.31883475184440613,0.6414211653724912,0,0,tensor([1.1739])
88,/home/erfan/MLSP project/Datasets/CDDB_GAN_faces/val/real/00830.jpeg,0.9999772310256958,0.9999544707625319,0.00026608718067194754,0,0,tensor([7.5279])
89,/home/erfan/MLSP project/Datasets/CDDB_GAN_faces/val/real/00870.jpeg,0.6665092706680298,0.3330184817314148,0.6366232170011157,1,0,tensor([1.6968])
90,/home/erfan/MLSP project/Datasets/CDDB_GAN_faces/val/real/00992.jpeg,0.8876933455467224,0.7753866463899612,0.3513109980081597,1,0,tensor([3.5521])
91,/home/erfan/MLSP project/Datasets/CDDB_GAN_faces/val/real/00831.jpeg,0.8550834655761719,0.7101669013500214,0.41378903142847195,0,0,tensor([2.8929])
92,/home/erfan/MLSP project/Datasets/CDDB_GAN_faces/val/real/00890.jpeg,0.9668605923652649,0.9337211512029171,0.14549123685889231,0,0,tensor([3.5620])
93,/home/erfan/MLSP project/Datasets/CDDB_GAN_faces/val/real/00964.jpeg,0.6167146563529968,0.23342925310134888,0.6656495772346811,1,0,tensor([4.2399])
94,/home/erfan/MLSP project/Datasets/CDDB_GAN_faces/val/real/00823.jpeg,0.6597529053688049,0.31950587034225464,0.6411992336407863,1,0,tensor([3.2346])
95,/home/erfan/MLSP project/Datasets/CDDB_GAN_faces/val/real/00807.jpeg,0.9999850988388062,0.9999701551278122,0.00018094391087957175,1,0,tensor([11.4976])
96,/home/erfan/MLSP project/Datasets/CDDB_GAN_faces/val/real/00843.jpeg,0.9708170890808105,0.9416341334581375,0.13189042547478136,0,0,tensor([3.6045])
97,/home/erfan/MLSP project/Datasets/CDDB_GAN_faces/val/real/00892.jpeg,0.9900633692741394,0.9801267720758915,0.05571002062263566,0,0,tensor([5.4932])
98,/home/erfan/MLSP project/Datasets/CDDB_GAN_faces/val/real/00922.jpeg,0.9846418499946594,0.9692837055772543,0.07937689590471239,0,0,tensor([4.1519])
99,/home/erfan/MLSP project/Datasets/CDDB_GAN_faces/val/real/00985.jpeg,0.9999985694885254,0.9999971985547518,1.9938141707759304e-05,0,0,tensor([11.0573])
100,/home/erfan/MLSP project/Datasets/CDDB_GAN_faces/val/real/00977.jpeg,0.8934780359268188,0.7869560867547989,0.3391812847091217,0,0,tensor([2.1558])
101,/home/erfan/MLSP project/Datasets/CDDB_GAN_faces/val/real/00832.jpeg,0.999409556388855,0.9988190829171799,0.004980194981444545,0,0,tensor([5.8707])
102,/home/erfan/MLSP project/Datasets/CDDB_GAN_faces/val/real/00850.jpeg,0.8333972096443176,0.6667944490909576,0.4504583656118417,1,0,tensor([2.0756])
103,/home/erfan/MLSP project/Datasets/CDDB_GAN_faces/val/real/00834.jpeg,0.9997842907905579,0.9995685119793052,0.0020371302780792344,1,0,tensor([9.1463])
104,/home/erfan/MLSP project/Datasets/CDDB_GAN_faces/val/real/00913.jpeg,0.7696994543075562,0.5393988639116287,0.5396392602217828,0,0,tensor([4.2693])
105,/home/erfan/MLSP project/Datasets/CDDB_GAN_faces/val/real/00887.jpeg,0.6616321802139282,0.32326439023017883,0.6399469192127497,0,0,tensor([4.5942])
106,/home/erfan/MLSP project/Datasets/CDDB_GAN_faces/val/real/00899.jpeg,0.9980351328849792,0.9960702524986118,0.01420870650560779,0,0,tensor([5.3346])
107,/home/erfan/MLSP project/Datasets/CDDB_GAN_faces/val/real/00979.jpeg,0.9101262092590332,0.8202524110674858,0.30224573416160916,1,0,tensor([3.1397])
108,/home/erfan/MLSP project/Datasets/CDDB_GAN_faces/val/real/00918.jpeg,0.8728131651878357,0.7456263452768326,0.38100377609371844,0,0,tensor([4.1986])
109,/home/erfan/MLSP project/Datasets/CDDB_GAN_faces/val/real/00847.jpeg,0.7036687135696411,0.40733739733695984,0.6077236937569612,1,0,tensor([1.5945])
110,/home/erfan/MLSP project/Datasets/CDDB_GAN_faces/val/real/00885.jpeg,0.673263669013977,0.3465273082256317,0.6318432294274003,1,0,tensor([1.3976])
111,/home/erfan/MLSP project/Datasets/CDDB_GAN_faces/val/real/00838.jpeg,0.7014050483703613,0.40281006693840027,0.6096691092063714,0,0,tensor([3.0922])
112,/home/erfan/MLSP project/Datasets/CDDB_GAN_faces/val/real/00920.jpeg,0.7249166965484619,0.4498334228992462,0.5882495057015913,1,0,tensor([1.9719])
113,/home/erfan/MLSP project/Datasets/CDDB_GAN_faces/val/real/00951.jpeg,0.9777177572250366,0.9554354771971703,0.10679310961250418,1,0,tensor([6.3992])
114,/home/erfan/MLSP project/Datasets/CDDB_GAN_faces/val/real/00907.jpeg,0.9915942549705505,0.9831885136663914,0.048540012796852175,0,0,tensor([4.5329])
115,/home/erfan/MLSP project/Datasets/CDDB_GAN_faces/val/real/00876.jpeg,0.9710606932640076,0.9421214573085308,0.13103535787602733,1,0,tensor([5.6660])
116,/home/erfan/MLSP project/Datasets/CDDB_GAN_faces/val/real/00939.jpeg,0.9999979734420776,0.9999959811002554,2.817843272878308e-05,0,0,tensor([10.6021])
117,/home/erfan/MLSP project/Datasets/CDDB_GAN_faces/val/real/00881.jpeg,0.9994714856147766,0.9989429749548435,0.004516224178302839,1,0,tensor([7.4883])
118,/home/erfan/MLSP project/Datasets/CDDB_GAN_faces/val/real/00802.jpeg,0.701743483543396,0.40348702669143677,0.6093797941673029,0,0,tensor([3.8382])
119,/home/erfan/MLSP project/Datasets/CDDB_GAN_faces/val/real/00954.jpeg,0.6387671232223511,0.27753424644470215,0.6541242509503165,1,0,tensor([2.4097])
120,/home/erfan/MLSP project/Datasets/CDDB_GAN_faces/val/real/00943.jpeg,0.9629501104354858,0.9259002208709717,0.15845244259152524,0,0,tensor([3.9077])
121,/home/erfan/MLSP project/Datasets/CDDB_GAN_faces/val/real/00969.jpeg,0.9804431796073914,0.9608863666653633,0.09630926895187494,0,0,tensor([4.1952])
122,/home/erfan/MLSP project/Datasets/CDDB_GAN_faces/val/real/00946.jpeg,0.7772408127784729,0.5544816553592682,0.5303780403510581,1,0,tensor([1.7430])
123,/home/erfan/MLSP project/Datasets/CDDB_GAN_faces/val/real/00888.jpeg,0.8753064870834351,0.7506129443645477,0.37617336745795804,0,0,tensor([2.1055])
124,/home/erfan/MLSP project/Datasets/CDDB_GAN_faces/val/real/00902.jpeg,0.8085635304450989,0.6171270310878754,0.48829918863030314,1,0,tensor([2.0795])
125,/home/erfan/MLSP project/Datasets/CDDB_GAN_faces/val/real/00978.jpeg,0.9860208630561829,0.9720417810603976,0.07357435132655435,1,0,tensor([5.0685])
126,/home/erfan/MLSP project/Datasets/CDDB_GAN_faces/val/real/00903.jpeg,0.9790082573890686,0.9580165483057499,0.10187400711871569,1,0,tensor([4.7256])
127,/home/erfan/MLSP project/Datasets/CDDB_GAN_faces/val/real/00868.jpeg,1.0,0.9999999766519867,4.1028889271627066e-07,1,0,tensor([16.3538])
128,/home/erfan/MLSP project/Datasets/CDDB_GAN_faces/val/real/00875.jpeg,0.6313912272453308,0.262782484292984,0.6582110923753925,0,0,tensor([1.4579])
129,/home/erfan/MLSP project/Datasets/CDDB_GAN_faces/val/real/00950.jpeg,0.7129150629043579,0.4258301556110382,0.5995208979763464,1,0,tensor([2.8519])
130,/home/erfan/MLSP project/Datasets/CDDB_GAN_faces/val/real/00932.jpeg,0.6303244233131409,0.2606488764286041,0.6587827914964173,1,0,tensor([3.5013])
131,/home/erfan/MLSP project/Datasets/CDDB_GAN_faces/val/real/00996.jpeg,0.9999949932098389,0.9999899453387115,6.65733597485221e-05,0,0,tensor([9.0215])
132,/home/erfan/MLSP project/Datasets/CDDB_GAN_faces/val/real/00991.jpeg,0.6004973649978638,0.20099470019340515,0.6728094849694621,0,0,tensor([4.3192])
133,/home/erfan/MLSP project/Datasets/CDDB_GAN_faces/val/real/00883.jpeg,0.9999861717224121,0.9999723813562014,0.00016816362131755376,1,0,tensor([12.8251])
134,/home/erfan/MLSP project/Datasets/CDDB_GAN_faces/val/real/00842.jpeg,0.8950085043907166,0.7900170534849167,0.33591393417481835,1,0,tensor([2.8279])
135,/home/erfan/MLSP project/Datasets/CDDB_GAN_faces/val/real/00934.jpeg,0.6059440970420837,0.21188825368881226,0.6705278145623719,0,0,tensor([2.3850])
136,/home/erfan/MLSP project/Datasets/CDDB_GAN_faces/val/real/00965.jpeg,0.6784385442733765,0.35687708854675293,0.6280408413244223,0,0,tensor([6.9123])
137,/home/erfan/MLSP project/Datasets/CDDB_GAN_faces/val/real/00817.jpeg,0.9994804263114929,0.9989608825417235,0.004448519357061774,0,0,tensor([5.3170])
138,/home/erfan/MLSP project/Datasets/CDDB_GAN_faces/val/real/00855.jpeg,0.7888063788414001,0.5776127427816391,0.5155338499034394,1,0,tensor([1.8195])
139,/home/erfan/MLSP project/Datasets/CDDB_GAN_faces/val/real/00856.jpeg,0.9982877373695374,0.9965755142038688,0.012617593495418527,0,0,tensor([5.3286])
140,/home/erfan/MLSP project/Datasets/CDDB_GAN_faces/val/real/00986.jpeg,0.9817341566085815,0.9634682964533567,0.09121114943697875,0,0,tensor([2.9085])
141,/home/erfan/MLSP project/Datasets/CDDB_GAN_faces/val/real/00810.jpeg,0.9711771607398987,0.9423543158918619,0.1306261382434622,0,0,tensor([4.5554])
142,/home/erfan/MLSP project/Datasets/CDDB_GAN_faces/val/real/00844.jpeg,0.9899992346763611,0.9799984665587544,0.056005061151626144,0,0,tensor([4.2652])
143,/home/erfan/MLSP project/Datasets/CDDB_GAN_faces/val/real/00900.jpeg,0.9999816417694092,0.9999632793424098,0.00021860407429385515,1,0,tensor([11.4666])
144,/home/erfan/MLSP project/Datasets/CDDB_GAN_faces/val/real/00806.jpeg,0.5627415180206299,0.12548300623893738,0.6852533866457226,0,0,tensor([4.4481])
145,/home/erfan/MLSP project/Datasets/CDDB_GAN_faces/val/real/00893.jpeg,0.5790008902549744,0.1580018401145935,0.6806124458274274,1,0,tensor([1.9199])
146,/home/erfan/MLSP project/Datasets/CDDB_GAN_faces/val/real/00948.jpeg,0.9440625905990601,0.8881252110004425,0.21563958593325105,0,0,tensor([4.7551])
147,/home/erfan/MLSP project/Datasets/CDDB_GAN_faces/val/real/00808.jpeg,0.7887237071990967,0.5774474442005157,0.5156427447824488,1,0,tensor([2.9633])
148,/home/erfan/MLSP project/Datasets/CDDB_GAN_faces/val/real/00945.jpeg,0.9251364469528198,0.8502728268504143,0.26604163932179825,0,0,tensor([2.4569])
149,/home/erfan/MLSP project/Datasets/CDDB_GAN_faces/val/real/00990.jpeg,0.7803186178207397,0.5606373101472855,0.5265043632572521,1,0,tensor([3.4868])
150,/home/erfan/MLSP project/Datasets/CDDB_GAN_faces/val/real/01000.jpeg,0.6762275099754333,0.3524550199508667,0.6296804201722168,0,0,tensor([2.8206])
151,/home/erfan/MLSP project/Datasets/CDDB_GAN_faces/val/real/00982.jpeg,0.9996509552001953,0.9993019375833683,0.003127299580859664,0,0,tensor([5.7572])
152,/home/erfan/MLSP project/Datasets/CDDB_GAN_faces/val/real/00959.jpeg,0.9829901456832886,0.9659803211688995,0.0861617753753256,0,0,tensor([4.0324])
153,/home/erfan/MLSP project/Datasets/CDDB_GAN_faces/val/real/01001.jpeg,0.9859994053840637,0.9719988731667399,0.07366563660919549,1,0,tensor([4.5745])
154,/home/erfan/MLSP project/Datasets/CDDB_GAN_faces/val/real/00862.jpeg,0.5248504281044006,0.04970082640647888,0.691911576396848,1,0,tensor([2.2673])
155,/home/erfan/MLSP project/Datasets/CDDB_GAN_faces/val/real/00872.jpeg,0.6146718859672546,0.22934380173683167,0.6666123563420883,1,0,tensor([2.1635])
156,/home/erfan/MLSP project/Datasets/CDDB_GAN_faces/val/real/00912.jpeg,0.9044020771980286,0.8088042289018631,0.315301427264679,1,0,tensor([4.1807])
157,/home/erfan/MLSP project/Datasets/CDDB_GAN_faces/val/real/00971.jpeg,0.8723191022872925,0.7446382194757462,0.38195427487703904,0,0,tensor([2.4959])
158,/home/erfan/MLSP project/Datasets/CDDB_GAN_faces/val/real/00801.jpeg,0.8365104794502258,0.6730209290981293,0.4454112876969514,1,0,tensor([3.8315])
159,/home/erfan/MLSP project/Datasets/CDDB_GAN_faces/val/real/00958.jpeg,0.9238243699073792,0.8476486951112747,0.2693281620844035,0,0,tensor([4.5014])
160,/home/erfan/MLSP project/Datasets/CDDB_GAN_faces/val/real/00895.jpeg,0.9777542948722839,0.9555085878819227,0.10665481513623487,0,0,tensor([3.3739])
161,/home/erfan/MLSP project/Datasets/CDDB_GAN_faces/val/real/00930.jpeg,0.9985815286636353,0.9971629991196096,0.010720372338181421,0,0,tensor([4.9011])
162,/home/erfan/MLSP project/Datasets/CDDB_GAN_faces/val/real/00853.jpeg,0.8185759782791138,0.6371519714593887,0.4735459327474904,1,0,tensor([2.1694])
163,/home/erfan/MLSP project/Datasets/CDDB_GAN_faces/val/real/00906.jpeg,0.9707886576652527,0.9415772799402475,0.1319900270308827,0,0,tensor([3.7357])
164,/home/erfan/MLSP project/Datasets/CDDB_GAN_faces/val/real/00937.jpeg,0.9715009927749634,0.9430019725114107,0.12948524973136977,1,0,tensor([4.1616])
165,/home/erfan/MLSP project/Datasets/CDDB_GAN_faces/val/real/00997.jpeg,0.5911909341812134,0.18238186836242676,0.6764221554238525,1,0,tensor([4.5642])
166,/home/erfan/MLSP project/Datasets/CDDB_GAN_faces/val/real/00972.jpeg,0.8916172385215759,0.783234491944313,0.3431206760462967,1,0,tensor([3.1945])
167,/home/erfan/MLSP project/Datasets/CDDB_GAN_faces/val/real/00809.jpeg,0.5120276212692261,0.02405521273612976,0.692857816883993,0,0,tensor([5.2048])
168,/home/erfan/MLSP project/Datasets/CDDB_GAN_faces/val/real/00936.jpeg,0.9999998807907104,0.9999997693436455,1.903445153275047e-06,0,0,tensor([12.5452])
169,/home/erfan/MLSP project/Datasets/CDDB_GAN_faces/val/real/00865.jpeg,0.5551557540893555,0.11031156778335571,0.6870504773802579,1,0,tensor([2.2589])
170,/home/erfan/MLSP project/Datasets/CDDB_GAN_faces/val/real/00891.jpeg,0.7428275346755981,0.4856550693511963,0.5700785786963147,0,0,tensor([1.8465])
171,/home/erfan/MLSP project/Datasets/CDDB_GAN_faces/val/real/00819.jpeg,0.7075637578964233,0.41512754559516907,0.6043186588089822,1,0,tensor([1.9925])
172,/home/erfan/MLSP project/Datasets/CDDB_GAN_faces/val/real/00889.jpeg,0.977561891078949,0.9551237747073174,0.10738186676061864,0,0,tensor([4.4498])
173,/home/erfan/MLSP project/Datasets/CDDB_GAN_faces/val/real/00859.jpeg,0.9956186413764954,0.9912373200058937,0.028164095538582616,1,0,tensor([6.0750])
174,/home/erfan/MLSP project/Datasets/CDDB_GAN_faces/val/real/00874.jpeg,0.9969574213027954,0.9939148866105825,0.020669629622704556,0,0,tensor([4.9927])
175,/home/erfan/MLSP project/Datasets/CDDB_GAN_faces/val/real/00866.jpeg,0.7184103727340698,0.43682077527046204,0.5944483914785201,0,0,tensor([2.3439])
176,/home/erfan/MLSP project/Datasets/CDDB_GAN_faces/val/real/00804.jpeg,0.9504141211509705,0.9008283019065857,0.19729395947040382,1,0,tensor([4.4176])
177,/home/erfan/MLSP project/Datasets/CDDB_GAN_faces/val/real/00974.jpeg,0.8411499261856079,0.6822998225688934,0.4377581355824359,0,0,tensor([2.3763])
178,/home/erfan/MLSP project/Datasets/CDDB_GAN_faces/val/real/00960.jpeg,0.9410374164581299,0.8820748850703239,0.2241033459924762,1,0,tensor([4.1114])
179,/home/erfan/MLSP project/Datasets/CDDB_GAN_faces/val/real/00861.jpeg,0.7479313015937805,0.49586254358291626,0.5645964734923749,1,0,tensor([2.8578])
180,/home/erfan/MLSP project/Datasets/CDDB_GAN_faces/val/real/00818.jpeg,0.9788711667060852,0.9577423185110092,0.10240044816542329,0,0,tensor([2.9261])
181,/home/erfan/MLSP project/Datasets/CDDB_GAN_faces/val/real/00923.jpeg,0.817836344242096,0.6356726586818695,0.4746585525895704,1,0,tensor([4.4633])
182,/home/erfan/MLSP project/Datasets/CDDB_GAN_faces/val/real/00953.jpeg,0.730914831161499,0.46182966232299805,0.5823468038141136,0,0,tensor([2.9182])
183,/home/erfan/MLSP project/Datasets/CDDB_GAN_faces/val/real/00869.jpeg,0.5173761248588562,0.03475227952003479,0.6925432076130338,0,0,tensor([1.7323])
184,/home/erfan/MLSP project/Datasets/CDDB_GAN_faces/val/real/00984.jpeg,0.8588279485702515,0.7176558524370193,0.40708544959835763,0,0,tensor([2.3207])
185,/home/erfan/MLSP project/Datasets/CDDB_GAN_faces/val/real/00916.jpeg,0.9560469388961792,0.9120937995612621,0.18031000562979208,0,0,tensor([3.6043])
186,/home/erfan/MLSP project/Datasets/CDDB_GAN_faces/val/real/00999.jpeg,0.9999566078186035,0.9999131956028577,0.0004794569487397487,1,0,tensor([10.2857])
187,/home/erfan/MLSP project/Datasets/CDDB_GAN_faces/val/real/00915.jpeg,0.9089586734771729,0.8179174065589905,0.30494039212202995,1,0,tensor([2.7683])
188,/home/erfan/MLSP project/Datasets/CDDB_GAN_faces/val/real/00811.jpeg,0.7947211861610413,0.5894424170255661,0.5076338729710062,1,0,tensor([2.2103])
189,/home/erfan/MLSP project/Datasets/CDDB_GAN_faces/val/real/00871.jpeg,0.8835810422897339,0.7671620473265648,0.35972880867681056,0,0,tensor([5.0459])
190,/home/erfan/MLSP project/Datasets/CDDB_GAN_faces/val/real/00927.jpeg,0.7141689658164978,0.428337961435318,0.5983765232135371,0,0,tensor([2.2587])
191,/home/erfan/MLSP project/Datasets/CDDB_GAN_faces/val/real/00904.jpeg,0.9238278269767761,0.8476556837558746,0.26931941762397404,1,0,tensor([4.7532])
192,/home/erfan/MLSP project/Datasets/CDDB_GAN_faces/val/real/00919.jpeg,0.9923055768013,0.9846111456863582,0.04511552972039064,1,0,tensor([5.7373])
193,/home/erfan/MLSP project/Datasets/CDDB_GAN_faces/val/real/00879.jpeg,0.9561787843704224,0.912357535213232,0.17990366122059157,1,0,tensor([3.4047])
194,/home/erfan/MLSP project/Datasets/CDDB_GAN_faces/val/real/00998.jpeg,0.7394735813140869,0.47894713282585144,0.57360682496438,1,0,tensor([2.9607])
195,/home/erfan/MLSP project/Datasets/CDDB_GAN_faces/val/real/00947.jpeg,0.9763166308403015,0.9526331909000874,0.11204730092756328,0,0,tensor([5.1775])
196,/home/erfan/MLSP project/Datasets/CDDB_GAN_faces/val/real/00925.jpeg,0.9839253425598145,0.9678507372736931,0.08234115348827134,0,0,tensor([3.3548])
197,/home/erfan/MLSP project/Datasets/CDDB_GAN_faces/val/real/00815.jpeg,0.9929760694503784,0.9859520788304508,0.04182712675716841,1,0,tensor([6.2935])
198,/home/erfan/MLSP project/Datasets/CDDB_GAN_faces/val/real/00858.jpeg,0.9502139091491699,0.9004277475178242,0.1978850601653726,0,0,tensor([3.4997])
199,/home/erfan/MLSP project/Datasets/CDDB_GAN_faces/val/real/00864.jpeg,0.8999834656715393,0.7999669015407562,0.3251193403207154,1,0,tensor([2.8608])
200,/home/erfan/MLSP project/Datasets/CDDB_GAN_faces/val/fake/image-2019-02-17_022206.jpeg,0.9998393058776855,0.9996786645206157,0.0015640981251321378,0,1,tensor([10.8731])
201,/home/erfan/MLSP project/Datasets/CDDB_GAN_faces/val/fake/image-2019-02-17_021854.jpeg,0.8611947894096375,0.7223895192146301,0.4027887115042179,0,1,tensor([5.8523])
202,/home/erfan/MLSP project/Datasets/CDDB_GAN_faces/val/fake/image-2019-02-17_022625.jpeg,0.9160439372062683,0.8320878967642784,0.2883266575131278,0,1,tensor([6.5205])
203,/home/erfan/MLSP project/Datasets/CDDB_GAN_faces/val/fake/image-2019-02-17_022450.jpeg,0.7327531576156616,0.46550628542900085,0.5805012269891183,1,1,tensor([2.5424])
204,/home/erfan/MLSP project/Datasets/CDDB_GAN_faces/val/fake/image-2019-02-17_023708.jpeg,0.9999982118606567,0.9999964573299849,2.5041475169848218e-05,1,1,tensor([9.9414])
205,/home/erfan/MLSP project/Datasets/CDDB_GAN_faces/val/fake/image-2019-02-17_022406.jpeg,0.9943926334381104,0.9887852831743658,0.03465830837820295,1,1,tensor([2.3354])
206,/home/erfan/MLSP project/Datasets/CDDB_GAN_faces/val/fake/image-2019-02-17_023403.jpeg,0.996151864528656,0.9923037569969893,0.02523686856632058,1,1,tensor([3.1518])
207,/home/erfan/MLSP project/Datasets/CDDB_GAN_faces/val/fake/image-2019-02-17_023609.jpeg,0.8939805030822754,0.787960983812809,0.33811137043214745,0,1,tensor([5.7438])
208,/home/erfan/MLSP project/Datasets/CDDB_GAN_faces/val/fake/image-2019-02-17_024210.jpeg,0.6429911255836487,0.28598225116729736,0.6516777688164155,1,1,tensor([4.3207])
209,/home/erfan/MLSP project/Datasets/CDDB_GAN_faces/val/fake/image-2019-02-17_021902.jpeg,0.5283508896827698,0.05670177936553955,0.691538772157366,0,1,tensor([4.5238])
210,/home/erfan/MLSP project/Datasets/CDDB_GAN_faces/val/fake/image-2019-02-17_022100.jpeg,0.9814276099205017,0.962855227291584,0.09242984115157185,1,1,tensor([2.9008])
211,/home/erfan/MLSP project/Datasets/CDDB_GAN_faces/val/fake/image-2019-02-17_022251.jpeg,0.9652544856071472,0.9305089451372623,0.1508695068016249,1,1,tensor([3.0090])
212,/home/erfan/MLSP project/Datasets/CDDB_GAN_faces/val/fake/image-2019-02-17_024004.jpeg,0.9930481910705566,0.9860963812097907,0.04146941669746984,1,1,tensor([1.7747])
213,/home/erfan/MLSP project/Datasets/CDDB_GAN_faces/val/fake/image-2019-02-17_023311.jpeg,0.9983142614364624,0.9966284859692678,0.012448886057208413,1,1,tensor([4.2152])
214,/home/erfan/MLSP project/Datasets/CDDB_GAN_faces/val/fake/image-2019-02-17_023304.jpeg,0.7752663493156433,0.550532653927803,0.5328342484147738,0,1,tensor([4.8946])
215,/home/erfan/MLSP project/Datasets/CDDB_GAN_faces/val/fake/image-2019-02-17_022030.jpeg,0.5856598615646362,0.17131978273391724,0.6783993201892261,1,1,tensor([5.8362])
216,/home/erfan/MLSP project/Datasets/CDDB_GAN_faces/val/fake/image-2019-02-17_023044.jpeg,0.9991903901100159,0.998380790813826,0.006572796082857426,1,1,tensor([3.8138])
217,/home/erfan/MLSP project/Datasets/CDDB_GAN_faces/val/fake/image-2019-02-17_022122.jpeg,0.8291544914245605,0.6583089232444763,0.4572243902679863,0,1,tensor([5.4910])
218,/home/erfan/MLSP project/Datasets/CDDB_GAN_faces/val/fake/image-2019-02-17_024147.jpeg,0.9880600571632385,0.9761201413348317,0.06473675016902133,1,1,tensor([1.6315])
219,/home/erfan/MLSP project/Datasets/CDDB_GAN_faces/val/fake/image-2019-02-17_023525.jpeg,0.9895572066307068,0.9791144616901875,0.05802628969711017,1,1,tensor([1.4777])
220,/home/erfan/MLSP project/Datasets/CDDB_GAN_faces/val/fake/image-2019-02-17_023912.jpeg,0.8062296509742737,0.6124592572450638,0.4916440848351191,1,1,tensor([3.4267])
221,/home/erfan/MLSP project/Datasets/CDDB_GAN_faces/val/fake/image-2019-02-17_023744.jpeg,0.9983603358268738,0.9967206296278164,0.01215414562127086,1,1,tensor([3.5478])
222,/home/erfan/MLSP project/Datasets/CDDB_GAN_faces/val/fake/image-2019-02-17_022747.jpeg,0.8590278625488281,0.7180557548999786,0.4067242507858161,0,1,tensor([6.0524])
223,/home/erfan/MLSP project/Datasets/CDDB_GAN_faces/val/fake/image-2019-02-17_023905.jpeg,0.933194637298584,0.8663892671465874,0.24529591181190558,1,1,tensor([3.3219])
224,/home/erfan/MLSP project/Datasets/CDDB_GAN_faces/val/fake/image-2019-02-17_022023.jpeg,0.9966766834259033,0.993353333324194,0.02228342256424432,0,1,tensor([7.7190])
225,/home/erfan/MLSP project/Datasets/CDDB_GAN_faces/val/fake/image-2019-02-17_022505.jpeg,0.5175859332084656,0.03517186641693115,0.6925285228766829,1,1,tensor([5.2013])
226,/home/erfan/MLSP project/Datasets/CDDB_GAN_faces/val/fake/image-2019-02-17_023857.jpeg,0.9058570861816406,0.8117141574621201,0.3120196648270347,1,1,tensor([3.8003])
227,/home/erfan/MLSP project/Datasets/CDDB_GAN_faces/val/fake/image-2019-02-17_022527.jpeg,0.9999531507492065,0.9999063001559989,0.0005138804884481901,1,1,tensor([6.5961])
228,/home/erfan/MLSP project/Datasets/CDDB_GAN_faces/val/fake/image-2019-02-17_023250.jpeg,0.9984433054924011,0.9968865365954116,0.011620215494889667,1,1,tensor([2.6310])
229,/home/erfan/MLSP project/Datasets/CDDB_GAN_faces/val/fake/image-2019-02-17_022816.jpeg,0.9999876022338867,0.999975232615725,0.00015217768014679558,1,1,tensor([8.3586])
230,/home/erfan/MLSP project/Datasets/CDDB_GAN_faces/val/fake/image-2019-02-17_023842.jpeg,0.9106882214546204,0.8213764652609825,0.30094259996333206,1,1,tensor([2.1315])
231,/home/erfan/MLSP project/Datasets/CDDB_GAN_faces/val/fake/image-2019-02-17_023007.jpeg,0.7752873301506042,0.5505746752023697,0.5328082374013308,1,1,tensor([5.4378])
232,/home/erfan/MLSP project/Datasets/CDDB_GAN_faces/val/fake/image-2019-02-17_021953.jpeg,0.9328795671463013,0.8657590970396996,0.24612595404379414,1,1,tensor([1.5155])
233,/home/erfan/MLSP project/Datasets/CDDB_GAN_faces/val/fake/image-2019-02-17_022435.jpeg,0.840985119342804,0.6819702088832855,0.4380327354848824,0,1,tensor([5.4027])
234,/home/erfan/MLSP project/Datasets/CDDB_GAN_faces/val/fake/image-2019-02-17_024202.jpeg,0.9379528164863586,0.8759056217968464,0.23256367516442084,1,1,tensor([5.8275])
235,/home/erfan/MLSP project/Datasets/CDDB_GAN_faces/val/fake/image-2019-02-17_023333.jpeg,0.9918153882026672,0.9836307726800442,0.04748218816673861,1,1,tensor([2.6061])
236,/home/erfan/MLSP project/Datasets/CDDB_GAN_faces/val/fake/image-2019-02-17_023653.jpeg,0.5184255242347717,0.03685101866722107,0.6924680188835374,0,1,tensor([5.9380])
237,/home/erfan/MLSP project/Datasets/CDDB_GAN_faces/val/fake/image-2019-02-17_024301.jpeg,0.7822559475898743,0.5645119398832321,0.5240377954223712,1,1,tensor([3.1665])
238,/home/erfan/MLSP project/Datasets/CDDB_GAN_faces/val/fake/image-2019-02-17_023737.jpeg,0.9999978542327881,0.9999957498605454,2.9653052701303715e-05,1,1,tensor([9.1495])
239,/home/erfan/MLSP project/Datasets/CDDB_GAN_faces/val/fake/image-2019-02-17_024239.jpeg,0.9999305009841919,0.999861030250031,0.0007346514383237348,1,1,tensor([5.1302])
240,/home/erfan/MLSP project/Datasets/CDDB_GAN_faces/val/fake/image-2019-02-17_024232.jpeg,0.9251239895820618,0.8502479866147041,0.26607284082729904,0,1,tensor([6.2536])
241,/home/erfan/MLSP project/Datasets/CDDB_GAN_faces/val/fake/image-2019-02-17_024155.jpeg,0.6724045872688293,0.3448091447353363,0.6324626545689076,0,1,tensor([4.9400])
242,/home/erfan/MLSP project/Datasets/CDDB_GAN_faces/val/fake/image-2019-02-17_023235.jpeg,0.9996389150619507,0.9992778816667851,0.003222765422000031,1,1,tensor([4.6843])
243,/home/erfan/MLSP project/Datasets/CDDB_GAN_faces/val/fake/image-2019-02-17_022853.jpeg,0.936522364616394,0.8730447366833687,0.23643101478176265,1,1,tensor([6.1999])
244,/home/erfan/MLSP project/Datasets/CDDB_GAN_faces/val/fake/image-2019-02-17_022739.jpeg,0.9961445331573486,0.9922891294118017,0.025277436734871542,1,1,tensor([3.7596])
245,/home/erfan/MLSP project/Datasets/CDDB_GAN_faces/val/fake/image-2019-02-17_022259.jpeg,0.873728334903717,0.7474566549062729,0.379237351980214,1,1,tensor([2.5711])
246,/home/erfan/MLSP project/Datasets/CDDB_GAN_faces/val/fake/image-2019-02-17_022754.jpeg,0.8091898560523987,0.6183796972036362,0.4873955613895725,1,1,tensor([2.3517])
247,/home/erfan/MLSP project/Datasets/CDDB_GAN_faces/val/fake/image-2019-02-17_022732.jpeg,0.565368115901947,0.13073623180389404,0.6845766868296874,0,1,tensor([5.9174])
248,/home/erfan/MLSP project/Datasets/CDDB_GAN_faces/val/fake/image-2019-02-17_023014.jpeg,0.9492906332015991,0.8985812403261662,0.20059870898132487,1,1,tensor([2.0583])
249,/home/erfan/MLSP project/Datasets/CDDB_GAN_faces/val/fake/image-2019-02-17_023000.jpeg,0.9446207284927368,0.8892414942383766,0.2140593378862988,1,1,tensor([1.5695])
250,/home/erfan/MLSP project/Datasets/CDDB_GAN_faces/val/fake/image-2019-02-17_023213.jpeg,0.9994718432426453,0.9989436795585789,0.004513595513161074,1,1,tensor([6.6156])
251,/home/erfan/MLSP project/Datasets/CDDB_GAN_faces/val/fake/image-2019-02-17_023227.jpeg,0.9971904158592224,0.9943807756062597,0.01931142385799653,0,1,tensor([7.9479])
252,/home/erfan/MLSP project/Datasets/CDDB_GAN_faces/val/fake/image-2019-02-17_023257.jpeg,0.9416749477386475,0.8833499364554882,0.22233367842148255,1,1,tensor([1.7608])
253,/home/erfan/MLSP project/Datasets/CDDB_GAN_faces/val/fake/image-2019-02-17_022845.jpeg,0.5129169225692749,0.025833845138549805,0.6928134496555328,1,1,tensor([4.0315])
254,/home/erfan/MLSP project/Datasets/CDDB_GAN_faces/val/fake/image-2019-02-17_023106.jpeg,0.9839347004890442,0.9678693674504757,0.08230291758142899,1,1,tensor([2.5160])
255,/home/erfan/MLSP project/Datasets/CDDB_GAN_faces/val/fake/image-2019-02-17_023631.jpeg,0.9797837734222412,0.9595676176249981,0.09887923439607438,1,1,tensor([3.5926])
256,/home/erfan/MLSP project/Datasets/CDDB_GAN_faces/val/fake/image-2019-02-17_024125.jpeg,0.7061476111412048,0.41229525208473206,0.6055650979302596,0,1,tensor([4.6824])
257,/home/erfan/MLSP project/Datasets/CDDB_GAN_faces/val/fake/image-2019-02-17_023121.jpeg,0.5885432958602905,0.17708665132522583,0.677384358773786,1,1,tensor([3.3918])
258,/home/erfan/MLSP project/Datasets/CDDB_GAN_faces/val/fake/image-2019-02-17_022321.jpeg,0.9983664155006409,0.9967327874619514,0.012115162096518424,1,1,tensor([2.4214])
259,/home/erfan/MLSP project/Datasets/CDDB_GAN_faces/val/fake/image-2019-02-17_023850.jpeg,0.9773240685462952,0.9546481780707836,0.10827806066537304,1,1,tensor([1.1839])
260,/home/erfan/MLSP project/Datasets/CDDB_GAN_faces/val/fake/image-2019-02-17_022158.jpeg,0.9996386766433716,0.999277397437254,0.0032247062901995765,1,1,tensor([4.0670])
261,/home/erfan/MLSP project/Datasets/CDDB_GAN_faces/val/fake/image-2019-02-17_022633.jpeg,0.9747889637947083,0.9495779983699322,0.11767889248923917,1,1,tensor([0.9887])
262,/home/erfan/MLSP project/Datasets/CDDB_GAN_faces/val/fake/image-2019-02-17_022045.jpeg,0.9938896894454956,0.9877793961204588,0.03724053862714348,1,1,tensor([1.7555])
263,/home/erfan/MLSP project/Datasets/CDDB_GAN_faces/val/fake/image-2019-02-17_022114.jpeg,0.9612351655960083,0.9224703088402748,0.16399871121057225,1,1,tensor([3.0214])
264,/home/erfan/MLSP project/Datasets/CDDB_GAN_faces/val/fake/image-2019-02-17_023949.jpeg,0.9432562589645386,0.8865125104784966,0.2179121878948402,1,1,tensor([1.7272])
265,/home/erfan/MLSP project/Datasets/CDDB_GAN_faces/val/fake/image-2019-02-17_024026.jpeg,0.9979293346405029,0.9958586220163852,0.014865239278718415,1,1,tensor([3.8053])
266,/home/erfan/MLSP project/Datasets/CDDB_GAN_faces/val/fake/image-2019-02-17_023517.jpeg,0.8832542300224304,0.7665084078907967,0.36039068600179136,1,1,tensor([3.8429])
267,/home/erfan/MLSP project/Datasets/CDDB_GAN_faces/val/fake/image-2019-02-17_021832.jpeg,0.9999998807907104,0.99999979336161,1.5401452858283744e-06,1,1,tensor([12.6626])
268,/home/erfan/MLSP project/Datasets/CDDB_GAN_faces/val/fake/image-2019-02-17_023242.jpeg,0.8265494108200073,0.6530988365411758,0.4613155827623988,1,1,tensor([1.9362])
269,/home/erfan/MLSP project/Datasets/CDDB_GAN_faces/val/fake/image-2019-02-17_022915.jpeg,0.9999978542327881,0.9999956680262585,3.063934381050551e-05,1,1,tensor([10.1676])
270,/home/erfan/MLSP project/Datasets/CDDB_GAN_faces/val/fake/image-2019-02-17_023828.jpeg,0.8163498640060425,0.632699728012085,0.476883463157328,1,1,tensor([3.0640])
271,/home/erfan/MLSP project/Datasets/CDDB_GAN_faces/val/fake/image-2019-02-17_023022.jpeg,0.9322691559791565,0.8645383417606354,0.2477293457815044,1,1,tensor([1.8247])
272,/home/erfan/MLSP project/Datasets/CDDB_GAN_faces/val/fake/image-2019-02-17_023150.jpeg,0.9890150427818298,0.9780300315469503,0.06048024181384214,1,1,tensor([2.3781])
273,/home/erfan/MLSP project/Datasets/CDDB_GAN_faces/val/fake/image-2019-02-17_023820.jpeg,0.9812798500061035,0.9625596441328526,0.0930156451286798,0,1,tensor([6.6954])
274,/home/erfan/MLSP project/Datasets/CDDB_GAN_faces/val/fake/image-2019-02-17_023319.jpeg,0.9886260628700256,0.9772521574050188,0.062223539191423434,0,1,tensor([7.0283])
275,/home/erfan/MLSP project/Datasets/CDDB_GAN_faces/val/fake/image-2019-02-17_023813.jpeg,0.9587939381599426,0.9175878241658211,0.17175843116577386,1,1,tensor([1.6514])
276,/home/erfan/MLSP project/Datasets/CDDB_GAN_faces/val/fake/image-2019-02-17_022823.jpeg,0.5406745076179504,0.08134898543357849,0.6898346836545532,1,1,tensor([4.4649])
277,/home/erfan/MLSP project/Datasets/CDDB_GAN_faces/val/fake/image-2019-02-17_023602.jpeg,0.87340247631073,0.7468049377202988,0.3798671903761722,1,1,tensor([2.9298])
278,/home/erfan/MLSP project/Datasets/CDDB_GAN_faces/val/fake/image-2019-02-17_023806.jpeg,0.9999960660934448,0.9999921139174148,5.3103886074438434e-05,1,1,tensor([9.6097])
279,/home/erfan/MLSP project/Datasets/CDDB_GAN_faces/val/fake/image-2019-02-17_022937.jpeg,0.6494215726852417,0.2988431751728058,0.6478039716361756,1,1,tensor([3.4848])
280,/home/erfan/MLSP project/Datasets/CDDB_GAN_faces/val/fake/image-2019-02-17_022328.jpeg,0.845220148563385,0.6904402673244476,0.43091142397230003,0,1,tensor([7.0019])
281,/home/erfan/MLSP project/Datasets/CDDB_GAN_faces/val/fake/image-2019-02-17_023205.jpeg,0.5714192986488342,0.14283856749534607,0.6829107675858883,0,1,tensor([5.3903])
282,/home/erfan/MLSP project/Datasets/CDDB_GAN_faces/val/fake/image-2019-02-17_023143.jpeg,0.9859360456466675,0.9718720344826579,0.07393544836720413,1,1,tensor([2.0665])
283,/home/erfan/MLSP project/Datasets/CDDB_GAN_faces/val/fake/image-2019-02-17_023348.jpeg,0.8366196751594543,0.6732393503189087,0.4452329590057521,1,1,tensor([2.8066])
284,/home/erfan/MLSP project/Datasets/CDDB_GAN_faces/val/fake/image-2019-02-17_023532.jpeg,0.9904245734214783,0.9808491608127952,0.054041283133303974,0,1,tensor([7.4580])
285,/home/erfan/MLSP project/Datasets/CDDB_GAN_faces/val/fake/image-2019-02-17_022535.jpeg,0.6547915935516357,0.30958321690559387,0.6444298852374428,0,1,tensor([7.3235])
286,/home/erfan/MLSP project/Datasets/CDDB_GAN_faces/val/fake/image-2019-02-17_022542.jpeg,0.9494271874427795,0.8988544270396233,0.20019831006553215,1,1,tensor([2.3082])
287,/home/erfan/MLSP project/Datasets/CDDB_GAN_faces/val/fake/image-2019-02-17_022641.jpeg,0.9988259673118591,0.9976519632618874,0.009094741985046844,1,1,tensor([3.3403])
288,/home/erfan/MLSP project/Datasets/CDDB_GAN_faces/val/fake/image-2019-02-17_024246.jpeg,0.9952784776687622,0.9905569995753467,0.029996864007599044,1,1,tensor([2.0320])
289,/home/erfan/MLSP project/Datasets/CDDB_GAN_faces/val/fake/image-2019-02-17_024133.jpeg,0.999818742275238,0.999637404747773,0.0017434913816735684,1,1,tensor([5.6046])
290,/home/erfan/MLSP project/Datasets/CDDB_GAN_faces/val/fake/image-2019-02-17_023759.jpeg,0.9022515416145325,0.8045030683279037,0.32010749695533014,1,1,tensor([2.7738])
291,/home/erfan/MLSP project/Datasets/CDDB_GAN_faces/val/fake/image-2019-02-17_024217.jpeg,0.9784466028213501,0.9568931385874748,0.1040247922090165,1,1,tensor([6.1398])
292,/home/erfan/MLSP project/Datasets/CDDB_GAN_faces/val/fake/image-2019-02-17_023510.jpeg,0.978828489780426,0.9576569106429815,0.10256425686168584,1,1,tensor([2.7082])
293,/home/erfan/MLSP project/Datasets/CDDB_GAN_faces/val/fake/image-2019-02-17_021847.jpeg,0.775597333908081,0.5511946529150009,0.532424064101412,1,1,tensor([3.0419])
294,/home/erfan/MLSP project/Datasets/CDDB_GAN_faces/val/fake/image-2019-02-17_024041.jpeg,0.9999988079071045,0.9999975904903522,1.7771822323988776e-05,1,1,tensor([9.7290])
295,/home/erfan/MLSP project/Datasets/CDDB_GAN_faces/val/fake/image-2019-02-17_022358.jpeg,0.9141799807548523,0.8283600211143494,0.2927585947538639,1,1,tensor([3.5506])
296,/home/erfan/MLSP project/Datasets/CDDB_GAN_faces/val/fake/image-2019-02-17_024011.jpeg,0.9989067316055298,0.9978134104749188,0.008547519288916299,1,1,tensor([3.0365])
297,/home/erfan/MLSP project/Datasets/CDDB_GAN_faces/val/fake/image-2019-02-17_023113.jpeg,0.9999271631240845,0.9998542743851431,0.0007672143637306316,1,1,tensor([5.9029])
298,/home/erfan/MLSP project/Datasets/CDDB_GAN_faces/val/fake/image-2019-02-17_023448.jpeg,0.9782286286354065,0.9564572349190712,0.104855208207691,1,1,tensor([2.4010])
299,/home/erfan/MLSP project/Datasets/CDDB_GAN_faces/val/fake/image-2019-02-17_022512.jpeg,0.9999147653579712,0.9998294820616138,0.0008842955790443401,1,1,tensor([5.7248])
300,/home/erfan/MLSP project/Datasets/CDDB_GAN_faces/val/fake/image-2019-02-17_022709.jpeg,0.6442313194274902,0.28846263885498047,0.6509447237263634,1,1,tensor([5.2758])
301,/home/erfan/MLSP project/Datasets/CDDB_GAN_faces/val/fake/image-2019-02-17_022151.jpeg,0.9410375356674194,0.8820750452578068,0.2241031590027447,0,1,tensor([6.0858])
302,/home/erfan/MLSP project/Datasets/CDDB_GAN_faces/val/fake/image-2019-02-17_022236.jpeg,0.9998400211334229,0.9996800143271685,0.0015584726306688407,1,1,tensor([6.4890])
303,/home/erfan/MLSP project/Datasets/CDDB_GAN_faces/val/fake/image-2019-02-17_022801.jpeg,0.8240931630134583,0.6481862664222717,0.4651297787689528,0,1,tensor([4.9851])
304,/home/erfan/MLSP project/Datasets/CDDB_GAN_faces/val/fake/image-2019-02-17_022838.jpeg,0.5586156249046326,0.11723127961158752,0.686259776304988,1,1,tensor([4.3887])
305,/home/erfan/MLSP project/Datasets/CDDB_GAN_faces/val/fake/image-2019-02-17_023502.jpeg,0.8726245760917664,0.7452491670846939,0.3813668507307959,1,1,tensor([4.3119])
306,/home/erfan/MLSP project/Datasets/CDDB_GAN_faces/val/fake/image-2019-02-17_023700.jpeg,0.9995854496955872,0.9991709430178162,0.00364281707645185,1,1,tensor([4.9093])
307,/home/erfan/MLSP project/Datasets/CDDB_GAN_faces/val/fake/image-2019-02-17_023730.jpeg,0.6741719245910645,0.3483438193798065,0.6311846997938466,1,1,tensor([4.5743])
308,/home/erfan/MLSP project/Datasets/CDDB_GAN_faces/val/fake/image-2019-02-17_023220.jpeg,0.6109263896942139,0.22185280919075012,0.6683318988813219,0,1,tensor([4.8245])
309,/home/erfan/MLSP project/Datasets/CDDB_GAN_faces/val/fake/image-2019-02-17_022244.jpeg,0.9999839067459106,0.9999678072854294,0.00019377843930375155,1,1,tensor([6.6930])
310,/home/erfan/MLSP project/Datasets/CDDB_GAN_faces/val/fake/image-2019-02-17_023715.jpeg,0.9010851383209229,0.8021703287959099,0.32269204934237844,1,1,tensor([2.9932])
311,/home/erfan/MLSP project/Datasets/CDDB_GAN_faces/val/fake/image-2019-02-17_022001.jpeg,0.9960067868232727,0.9920135494321585,0.026040490747120948,1,1,tensor([1.9872])
312,/home/erfan/MLSP project/Datasets/CDDB_GAN_faces/val/fake/image-2019-02-17_023426.jpeg,0.941947340965271,0.8838946297764778,0.22157547698547234,1,1,tensor([2.1082])
313,/home/erfan/MLSP project/Datasets/CDDB_GAN_faces/val/fake/image-2019-02-17_023723.jpeg,0.9986761212348938,0.9973523211665452,0.010096154516207325,1,1,tensor([4.7142])
314,/home/erfan/MLSP project/Datasets/CDDB_GAN_faces/val/fake/image-2019-02-17_022053.jpeg,0.9738953709602356,0.947790740057826,0.12092905225646237,1,1,tensor([1.8721])
315,/home/erfan/MLSP project/Datasets/CDDB_GAN_faces/val/fake/image-2019-02-17_023638.jpeg,0.9676188230514526,0.9352376833558083,0.14292426408294143,1,1,tensor([1.3930])
316,/home/erfan/MLSP project/Datasets/CDDB_GAN_faces/val/fake/image-2019-02-17_023136.jpeg,0.7118068337440491,0.42361363768577576,0.6005259422276743,0,1,tensor([4.9641])
317,/home/erfan/MLSP project/Datasets/CDDB_GAN_faces/val/fake/image-2019-02-17_022307.jpeg,0.8966475129127502,0.7932950332760811,0.33238730102326347,1,1,tensor([4.0239])
318,/home/erfan/MLSP project/Datasets/CDDB_GAN_faces/val/fake/image-2019-02-17_023418.jpeg,0.9661419987678528,0.9322840161621571,0.14790716354069763,1,1,tensor([1.5275])
319,/home/erfan/MLSP project/Datasets/CDDB_GAN_faces/val/fake/image-2019-02-17_022015.jpeg,1.0,0.9999999581107843,7.116239410873264e-07,1,1,tensor([13.8087])
320,/home/erfan/MLSP project/Datasets/CDDB_GAN_faces/val/fake/image-2019-02-17_023752.jpeg,0.6561897993087769,0.31237953901290894,0.6435304764222909,0,1,tensor([5.9200])
321,/home/erfan/MLSP project/Datasets/CDDB_GAN_faces/val/fake/image-2019-02-17_022107.jpeg,0.581553041934967,0.16310611367225647,0.6797857711102875,0,1,tensor([5.4272])
322,/home/erfan/MLSP project/Datasets/CDDB_GAN_faces/val/fake/image-2019-02-17_023029.jpeg,0.7164475917816162,0.43289515376091003,0.5962772200197994,1,1,tensor([3.9207])
323,/home/erfan/MLSP project/Datasets/CDDB_GAN_faces/val/fake/image-2019-02-17_024103.jpeg,0.9978302121162415,0.9956604037433863,0.015475119555446056,1,1,tensor([3.1672])
324,/home/erfan/MLSP project/Datasets/CDDB_GAN_faces/val/fake/image-2019-02-17_021938.jpeg,0.9446275234222412,0.8892550989985466,0.21404003487399356,0,1,tensor([6.1705])
325,/home/erfan/MLSP project/Datasets/CDDB_GAN_faces/val/fake/image-2019-02-17_022930.jpeg,0.6267122030258179,0.25342440605163574,0.6606823429916966,1,1,tensor([6.0712])
326,/home/erfan/MLSP project/Datasets/CDDB_GAN_faces/val/fake/image-2019-02-17_023934.jpeg,0.7551451325416565,0.5102902054786682,0.5566117432331599,1,1,tensor([2.8699])
327,/home/erfan/MLSP project/Datasets/CDDB_GAN_faces/val/fake/image-2019-02-17_024048.jpeg,0.8149400949478149,0.6298801600933075,0.478979976773825,1,1,tensor([4.1529])
328,/home/erfan/MLSP project/Datasets/CDDB_GAN_faces/val/fake/image-2019-02-17_022229.jpeg,0.5197216868400574,0.03944331407546997,0.6923690729752434,0,1,tensor([3.8052])
329,/home/erfan/MLSP project/Datasets/CDDB_GAN_faces/val/fake/image-2019-02-17_023355.jpeg,0.6487746834754944,0.29754936695098877,0.648201859996711,1,1,tensor([3.5398])
330,/home/erfan/MLSP project/Datasets/CDDB_GAN_faces/val/fake/image-2019-02-17_023957.jpeg,0.9861414432525635,0.972282899543643,0.07306075658346813,1,1,tensor([2.5108])
331,/home/erfan/MLSP project/Datasets/CDDB_GAN_faces/val/fake/image-2019-02-17_023440.jpeg,0.9292391538619995,0.858478344976902,0.25560252678957485,1,1,tensor([3.2602])
332,/home/erfan/MLSP project/Datasets/CDDB_GAN_faces/val/fake/image-2019-02-17_024019.jpeg,0.8506913781166077,0.7013827413320541,0.4215079591304442,1,1,tensor([2.2744])
333,/home/erfan/MLSP project/Datasets/CDDB_GAN_faces/val/fake/image-2019-02-17_023919.jpeg,1.0,0.9999999996372546,7.885113157233246e-09,1,1,tensor([18.2103])
334,/home/erfan/MLSP project/Datasets/CDDB_GAN_faces/val/fake/image-2019-02-17_022907.jpeg,0.999785840511322,0.9995717150450218,0.0020232715758515636,1,1,tensor([5.4856])
335,/home/erfan/MLSP project/Datasets/CDDB_GAN_faces/val/fake/image-2019-02-17_021924.jpeg,0.9999997615814209,0.999999533798885,3.7223238405004474e-06,1,1,tensor([10.4663])
336,/home/erfan/MLSP project/Datasets/CDDB_GAN_faces/val/fake/image-2019-02-17_022351.jpeg,0.9997618794441223,0.9995237649272894,0.0022246241924175434,1,1,tensor([4.9575])
337,/home/erfan/MLSP project/Datasets/CDDB_GAN_faces/val/fake/image-2019-02-17_022420.jpeg,0.7780575752258301,0.5561151206493378,0.529355467696353,1,1,tensor([3.9342])
338,/home/erfan/MLSP project/Datasets/CDDB_GAN_faces/val/fake/image-2019-02-17_022702.jpeg,0.9167336821556091,0.8334673941135406,0.2866752132510742,0,1,tensor([6.3897])
339,/home/erfan/MLSP project/Datasets/CDDB_GAN_faces/val/fake/image-2019-02-17_022136.jpeg,1.0,0.9999999908970514,1.685380664789292e-07,1,1,tensor([14.9274])
340,/home/erfan/MLSP project/Datasets/CDDB_GAN_faces/val/fake/image-2019-02-17_023547.jpeg,0.8628923296928406,0.7257846742868423,0.39967811008455717,1,1,tensor([2.3855])
341,/home/erfan/MLSP project/Datasets/CDDB_GAN_faces/val/fake/image-2019-02-17_024118.jpeg,0.9585298895835876,0.9170597679913044,0.17258844565916726,1,1,tensor([2.2645])
342,/home/erfan/MLSP project/Datasets/CDDB_GAN_faces/val/fake/image-2019-02-17_022808.jpeg,1.0,0.9999999777333191,3.9234280162067856e-07,1,1,tensor([13.5770])
343,/home/erfan/MLSP project/Datasets/CDDB_GAN_faces/val/fake/image-2019-02-17_022038.jpeg,0.6679388284683228,0.33587759733200073,0.6356287353213665,1,1,tensor([3.4435])
344,/home/erfan/MLSP project/Datasets/CDDB_GAN_faces/val/fake/image-2019-02-17_022129.jpeg,0.9977272152900696,0.9954544166103005,0.016104142131051973,1,1,tensor([2.9322])
345,/home/erfan/MLSP project/Datasets/CDDB_GAN_faces/val/fake/image-2019-02-17_023341.jpeg,0.9129012823104858,0.8258026018738747,0.2957733669676157,1,1,tensor([3.0473])
346,/home/erfan/MLSP project/Datasets/CDDB_GAN_faces/val/fake/image-2019-02-17_022442.jpeg,0.8390432000160217,0.6780863553285599,0.4412531086775445,1,1,tensor([3.2353])
347,/home/erfan/MLSP project/Datasets/CDDB_GAN_faces/val/fake/image-2019-02-17_024140.jpeg,0.9216732382774353,0.8433464840054512,0.27466358945175473,1,1,tensor([3.3151])
348,/home/erfan/MLSP project/Datasets/CDDB_GAN_faces/val/fake/image-2019-02-17_023326.jpeg,0.999981164932251,0.9999623003459419,0.00022404808842956908,1,1,tensor([6.7698])
349,/home/erfan/MLSP project/Datasets/CDDB_GAN_faces/val/fake/image-2019-02-17_023617.jpeg,0.9024547934532166,0.8049095943570137,0.31965550657992886,0,1,tensor([5.4869])
350,/home/erfan/MLSP project/Datasets/CDDB_GAN_faces/val/fake/image-2019-02-17_024110.jpeg,0.9705462455749512,0.9410924594849348,0.1328382872950112,1,1,tensor([1.5517])
351,/home/erfan/MLSP project/Datasets/CDDB_GAN_faces/val/fake/image-2019-02-17_023059.jpeg,0.9951521158218384,0.990304222330451,0.0306715614737448,1,1,tensor([3.1426])
352,/home/erfan/MLSP project/Datasets/CDDB_GAN_faces/val/fake/image-2019-02-17_022519.jpeg,0.9814097881317139,0.9628195613622665,0.09250060412771921,0,1,tensor([6.5832])
353,/home/erfan/MLSP project/Datasets/CDDB_GAN_faces/val/fake/image-2019-02-17_022457.jpeg,0.9840461015701294,0.9680921230465174,0.0818442664226736,1,1,tensor([1.5315])
354,/home/erfan/MLSP project/Datasets/CDDB_GAN_faces/val/fake/image-2019-02-17_022144.jpeg,0.7677866220474243,0.5355732291936874,0.5419369973961363,1,1,tensor([2.8267])
355,/home/erfan/MLSP project/Datasets/CDDB_GAN_faces/val/fake/image-2019-02-17_022830.jpeg,0.9927727580070496,0.9855454978533089,0.042830697980345354,1,1,tensor([3.2801])
356,/home/erfan/MLSP project/Datasets/CDDB_GAN_faces/val/fake/image-2019-02-17_022314.jpeg,0.9597653150558472,0.9195306301116943,0.16868927331128397,1,1,tensor([3.5324])
357,/home/erfan/MLSP project/Datasets/CDDB_GAN_faces/val/fake/image-2019-02-17_023540.jpeg,0.8410820364952087,0.6821640282869339,0.43787128998518227,1,1,tensor([2.3879])
358,/home/erfan/MLSP project/Datasets/CDDB_GAN_faces/val/fake/image-2019-02-17_021931.jpeg,0.8232158422470093,0.6464317142963409,0.46648193359922274,1,1,tensor([3.3967])
359,/home/erfan/MLSP project/Datasets/CDDB_GAN_faces/val/fake/image-2019-02-17_024055.jpeg,0.7582241892814636,0.5164483934640884,0.5531182325145111,1,1,tensor([5.1114])
360,/home/erfan/MLSP project/Datasets/CDDB_GAN_faces/val/fake/image-2019-02-17_022556.jpeg,0.9999833106994629,0.9999666411331418,0.00020008649433732063,1,1,tensor([6.8808])
361,/home/erfan/MLSP project/Datasets/CDDB_GAN_faces/val/fake/image-2019-02-17_021839.jpeg,0.972046434879303,0.9440928921103477,0.12755490198033573,1,1,tensor([2.1985])
362,/home/erfan/MLSP project/Datasets/CDDB_GAN_faces/val/fake/image-2019-02-17_023835.jpeg,0.7187353372573853,0.4374706745147705,0.5941437797992805,0,1,tensor([5.4090])
363,/home/erfan/MLSP project/Datasets/CDDB_GAN_faces/val/fake/image-2019-02-17_022922.jpeg,0.5087397694587708,0.01747956871986389,0.6929944142587314,1,1,tensor([4.0389])
364,/home/erfan/MLSP project/Datasets/CDDB_GAN_faces/val/fake/image-2019-02-17_022604.jpeg,0.9999790191650391,0.9999580915045954,0.0002464644117027201,1,1,tensor([7.7398])
365,/home/erfan/MLSP project/Datasets/CDDB_GAN_faces/val/fake/image-2019-02-17_022221.jpeg,0.9999936819076538,0.9999873239585213,8.239604997405026e-05,1,1,tensor([9.9257])
366,/home/erfan/MLSP project/Datasets/CDDB_GAN_faces/val/fake/image-2019-02-17_023128.jpeg,0.7010868787765503,0.402173787355423,0.6099405712283053,1,1,tensor([3.4864])
367,/home/erfan/MLSP project/Datasets/CDDB_GAN_faces/val/fake/image-2019-02-17_021946.jpeg,0.9815945625305176,0.9631891343742609,0.09176671219180105,1,1,tensor([1.6889])
368,/home/erfan/MLSP project/Datasets/CDDB_GAN_faces/val/fake/image-2019-02-17_022648.jpeg,0.9314965605735779,0.8629931211471558,0.24975049308857325,1,1,tensor([5.7517])
369,/home/erfan/MLSP project/Datasets/CDDB_GAN_faces/val/fake/image-2019-02-17_022952.jpeg,0.9532799124717712,0.9065598286688328,0.18874206711630542,1,1,tensor([6.1418])
370,/home/erfan/MLSP project/Datasets/CDDB_GAN_faces/val/fake/image-2019-02-17_023624.jpeg,0.9982713460922241,0.9965427540009841,0.012721779071317453,1,1,tensor([3.6507])
371,/home/erfan/MLSP project/Datasets/CDDB_GAN_faces/val/fake/image-2019-02-17_023433.jpeg,0.5990016460418701,0.19800326228141785,0.6734143862295028,0,1,tensor([5.6098])
372,/home/erfan/MLSP project/Datasets/CDDB_GAN_faces/val/fake/image-2019-02-17_024033.jpeg,0.7699344158172607,0.5398688912391663,0.5393555474792499,0,1,tensor([5.8709])
373,/home/erfan/MLSP project/Datasets/CDDB_GAN_faces/val/fake/image-2019-02-17_022413.jpeg,0.9999966621398926,0.9999933779229195,4.480563359064615e-05,1,1,tensor([10.6013])
374,/home/erfan/MLSP project/Datasets/CDDB_GAN_faces/val/fake/image-2019-02-17_023036.jpeg,0.6728536486625671,0.34570735692977905,0.6321392748172255,1,1,tensor([3.1118])
375,/home/erfan/MLSP project/Datasets/CDDB_GAN_faces/val/fake/image-2019-02-17_023410.jpeg,0.7394935488700867,0.4789871275424957,0.5735859725216537,0,1,tensor([5.9109])
376,/home/erfan/MLSP project/Datasets/CDDB_GAN_faces/val/fake/image-2019-02-17_023942.jpeg,0.9997262358665466,0.9994524828798603,0.002519400252633138,1,1,tensor([5.9076])
377,/home/erfan/MLSP project/Datasets/CDDB_GAN_faces/val/fake/image-2019-02-17_022427.jpeg,0.8819425702095032,0.7638850808143616,0.3630366722504167,1,1,tensor([3.6820])
378,/home/erfan/MLSP project/Datasets/CDDB_GAN_faces/val/fake/image-2019-02-17_023554.jpeg,0.8893381953239441,0.7786764055490494,0.34789674827012596,1,1,tensor([3.4200])
379,/home/erfan/MLSP project/Datasets/CDDB_GAN_faces/val/fake/image-2019-02-17_024224.jpeg,0.5506239533424377,0.10124790668487549,0.6880128179955656,0,1,tensor([4.2869])
380,/home/erfan/MLSP project/Datasets/CDDB_GAN_faces/val/fake/image-2019-02-17_022611.jpeg,0.6806387305259705,0.36127740144729614,0.6263870711655484,1,1,tensor([4.8463])
381,/home/erfan/MLSP project/Datasets/CDDB_GAN_faces/val/fake/image-2019-02-17_022900.jpeg,0.9999983310699463,0.9999966427657228,2.4109507020132875e-05,1,1,tensor([9.7779])
382,/home/erfan/MLSP project/Datasets/CDDB_GAN_faces/val/fake/image-2019-02-17_022008.jpeg,1.0,0.9999999995993114,8.670035443559871e-09,1,1,tensor([17.9098])
383,/home/erfan/MLSP project/Datasets/CDDB_GAN_faces/val/fake/image-2019-02-17_022717.jpeg,0.9985287189483643,0.9970574683975428,0.01106516834363897,0,1,tensor([8.2099])
384,/home/erfan/MLSP project/Datasets/CDDB_GAN_faces/val/fake/image-2019-02-17_021917.jpeg,1.0,0.9999999849724119,2.7069762602104414e-07,1,1,tensor([15.3092])
385,/home/erfan/MLSP project/Datasets/CDDB_GAN_faces/val/fake/image-2019-02-17_023158.jpeg,0.9800005555152893,0.9600011184811592,0.09803692960971025,1,1,tensor([2.5800])
386,/home/erfan/MLSP project/Datasets/CDDB_GAN_faces/val/fake/image-2019-02-17_022724.jpeg,0.9984511137008667,0.9969022781588137,0.011569042253776207,1,1,tensor([2.7670])
387,/home/erfan/MLSP project/Datasets/CDDB_GAN_faces/val/fake/image-2019-02-17_021909.jpeg,0.9999991655349731,0.9999983334500939,1.2483096641715312e-05,1,1,tensor([11.0644])
388,/home/erfan/MLSP project/Datasets/CDDB_GAN_faces/val/fake/image-2019-02-17_022944.jpeg,0.984095573425293,0.9681912213563919,0.08163978154295914,1,1,tensor([1.9778])
389,/home/erfan/MLSP project/Datasets/CDDB_GAN_faces/val/fake/image-2019-02-17_022549.jpeg,0.7604078650474548,0.5208157151937485,0.5506093406029349,0,1,tensor([4.6934])
390,/home/erfan/MLSP project/Datasets/CDDB_GAN_faces/val/fake/image-2019-02-17_022618.jpeg,0.8610231876373291,0.7220463454723358,0.403101775276884,1,1,tensor([2.4711])
391,/home/erfan/MLSP project/Datasets/CDDB_GAN_faces/val/fake/image-2019-02-17_022655.jpeg,0.9909137487411499,0.9818275272846222,0.051759137661251606,1,1,tensor([1.9859])
392,/home/erfan/MLSP project/Datasets/CDDB_GAN_faces/val/fake/image-2019-02-17_023051.jpeg,0.7728983759880066,0.5457967519760132,0.5357504138832674,1,1,tensor([2.9975])
393,/home/erfan/MLSP project/Datasets/CDDB_GAN_faces/val/fake/image-2019-02-17_023455.jpeg,0.8094327449798584,0.6188655197620392,0.4870444259922456,1,1,tensor([2.6627])
394,/home/erfan/MLSP project/Datasets/CDDB_GAN_faces/val/fake/image-2019-02-17_022336.jpeg,0.9935203194618225,0.9870406072586775,0.0391104247905862,0,1,tensor([7.3081])
395,/home/erfan/MLSP project/Datasets/CDDB_GAN_faces/val/fake/image-2019-02-17_024254.jpeg,0.8307665586471558,0.6615331023931503,0.4546686635586467,1,1,tensor([4.3036])
396,/home/erfan/MLSP project/Datasets/CDDB_GAN_faces/val/fake/image-2019-02-17_023927.jpeg,0.9996569156646729,0.9993138600548264,0.0030797920819417633,1,1,tensor([6.1067])
397,/home/erfan/MLSP project/Datasets/CDDB_GAN_faces/val/fake/image-2019-02-17_022343.jpeg,0.9999485015869141,0.9998969486296119,0.0005604743297679386,1,1,tensor([6.8614])
398,/home/erfan/MLSP project/Datasets/CDDB_GAN_faces/val/fake/image-2019-02-17_022213.jpeg,0.9771630764007568,0.9543261826038361,0.10888340483613532,1,1,tensor([4.3637])
399,/home/erfan/MLSP project/Datasets/CDDB_GAN_faces/val/fake/image-2019-02-17_023646.jpeg,0.6821704506874084,0.3643409013748169,0.6252225954492694,1,1,tensor([3.2707])
